{
    "window_TL": [0, 188],
    "window_BR": [1917, 1063],
    "confirm": [1403, 1030],
    "point_NW": [675, 339],
    "point_NW_true": [69.6964994150964, -153.9999141783394],
    "point_SE": [1819, 982],
    "point_SE_true": [-63.34065350794345, 167.67978169725262]
}
