{
    "window_TL": [0, 189],
    "window_BR": [1919, 1064],
    "map_TL": [633, 340],
    "map_BR": [1879, 981],
    "confirm": [1584, 1038],
    "kodiak": [676, 339],
    "hobart": [1748, 981],
    "kodiak_true": [69.6964994150964, -153.9999141783394],
    "hobart_true": [-63.34065350166908, 147.64071867549447]
}
