{
    "window_TL": [0, 186],
    "window_BR": [1919, 1061],
    "confirm": [1640, 1032],
    "point_NW": [700, 343],
    "point_NW_true": [69.32735549486875, -146.96866399526633],
    "point_SE": [1781, 954],
    "point_SE_true": [-59.47673579367478, 156.78134391348945]
}
