{
    "window_TL": [0, 188],
    "window_BR": [1919, 1061],
    "map_TL": [632, 339],
    "map_BR": [1879, 982],
    "confirm": [1651, 1029],
    "kodiak": [678, 437],
    "hobart": [1747, 881],
    "kodiak_true": [57.576717381063304, -153.29678916003212],
    "hobart_true": [-42.52760885416056, 147.28915616634077]
}
